{"cameraMode":{"drawMode":0,"name":"Shaded","section":"Shading Mode"},"sceneLighting":true,"audioPlay":false,"sceneViewState":{"showFog":true,"showMaterialUpdate":false,"showSkybox":true,"showFlares":true,"showImageEffects":true,"showParticleSystems":true},"in2DMode":false,"pivot":{"x":-1.8864892721176148,"y":1.1282817125320435,"z":0.11369946599006653},"rotation":{"x":-0.008699698373675347,"y":0.7079168558120728,"z":-0.008710694499313832,"w":-0.7062181830406189},"size":1.4402344226837159,"orthographic":false}